{
  "project_info": {
    "project_number": "786710751970",
    "project_id": "emergencysos-68215",
    "storage_bucket": "emergencysos-68215.appspot.com"
  },
  "client": [
    {
      "client_info": {
        "mobilesdk_app_id": "1:786710751970:android:5ae2cacbab32b51baf0cbb",
        "android_client_info": {
          "package_name": "com.seproj.emergencysos"
        }
      },
      "oauth_client": [
        {
          "client_id": "786710751970-43tqfbng7cdcrngipf0ff3ipu42ml9a7.apps.googleusercontent.com",
          "client_type": 1,
          "android_info": {
            "package_name": "com.seproj.emergencysos",
            "certificate_hash": "0fe841e9932a98ff8a7fe3b37f31ba269f85f720"
          }
        },
        {
          "client_id": "786710751970-tdgsuq8p7p73kt1aco23o6lkcm0net8p.apps.googleusercontent.com",
          "client_type": 3
        }
      ],
      "api_key": [
        {
          "current_key": "AIzaSyBdlPGfLSslufLmc6prxAPsSe_Lb7KyOJs"
        }
      ],
      "services": {
        "appinvite_service": {
          "other_platform_oauth_client": [
            {
              "client_id": "786710751970-tdgsuq8p7p73kt1aco23o6lkcm0net8p.apps.googleusercontent.com",
              "client_type": 3
            }
          ]
        }
      }
    }
  ],
  "configuration_version": "1"
}